User_ID,Age,Gender,Height_cm,Weight_kg,Activity_Level,Goal,Preferences
U0001,22,female,183,86,lightly_active,weight_gain,vegan
U0002,27,male,187,85,lightly_active,weight_gain,nonveg
U0003,39,male,169,58,moderately_active,weight_gain,nonveg
U0004,26,male,162,93,lightly_active,weight_gain,vegan
U0005,22,female,153,69,lightly_active,weight_gain,vegan
U0006,29,male,162,88,sedentary,weight_loss,nonveg
U0007,56,male,155,63,lightly_active,maintenance,nonveg
U0008,50,male,187,67,sedentary,weight_gain,nonveg
U0009,28,female,167,50,very_active,maintenance,nonveg
U0010,18,female,167,58,moderately_active,maintenance,nonveg
U0011,56,male,162,68,lightly_active,weight_gain,veg
U0012,32,male,177,52,very_active,weight_gain,vegan
U0013,31,male,161,63,sedentary,maintenance,veg
U0014,59,female,150,92,sedentary,maintenance,nonveg
U0015,18,female,159,51,lightly_active,weight_gain,nonveg
U0016,36,male,168,86,moderately_active,weight_gain,vegan
U0017,55,male,180,74,sedentary,weight_loss,veg
U0018,57,female,157,88,moderately_active,maintenance,nonveg
U0019,33,male,161,95,very_active,maintenance,veg
U0020,30,female,164,52,lightly_active,weight_gain,veg
U0021,31,female,158,61,very_active,weight_loss,nonveg
U0022,45,female,157,63,sedentary,weight_loss,nonveg
U0023,47,female,169,53,moderately_active,maintenance,veg
U0024,41,female,152,99,sedentary,weight_loss,nonveg
U0025,31,male,167,73,moderately_active,maintenance,veg
U0026,50,male,179,62,lightly_active,weight_loss,veg
U0027,55,female,171,85,lightly_active,weight_loss,nonveg
U0028,47,female,153,84,sedentary,maintenance,vegan
U0029,28,male,159,55,moderately_active,maintenance,veg
U0030,56,male,169,100,lightly_active,maintenance,veg
U0031,29,female,150,98,lightly_active,maintenance,nonveg
U0032,49,male,161,65,moderately_active,weight_gain,veg
U0033,59,female,151,86,moderately_active,weight_gain,veg
U0034,21,male,188,94,very_active,weight_loss,vegan
U0035,38,female,153,57,very_active,weight_loss,vegan
U0036,18,female,157,78,very_active,weight_loss,vegan
U0037,19,female,171,100,sedentary,weight_loss,vegan
U0038,59,female,168,60,very_active,weight_loss,veg
U0039,58,female,189,74,lightly_active,maintenance,veg
U0040,35,female,165,56,very_active,maintenance,veg
U0041,22,female,189,84,moderately_active,weight_gain,vegan
U0042,35,female,170,50,sedentary,weight_gain,nonveg
U0043,25,female,190,84,lightly_active,weight_gain,veg
U0044,44,female,164,54,very_active,weight_gain,vegan
U0045,33,female,186,80,moderately_active,weight_loss,veg
U0046,57,female,172,73,very_active,weight_gain,vegan
U0047,29,female,182,67,very_active,weight_loss,veg
U0048,24,male,182,68,very_active,maintenance,veg
U0049,27,female,152,90,sedentary,maintenance,veg
U0050,53,female,169,68,moderately_active,weight_loss,vegan
U0051,22,male,152,81,moderately_active,maintenance,nonveg
U0052,30,male,166,52,very_active,weight_loss,nonveg
U0053,33,female,179,74,lightly_active,maintenance,nonveg
U0054,54,female,158,97,very_active,weight_loss,nonveg
U0055,36,female,173,66,very_active,weight_loss,vegan
U0056,21,female,166,66,moderately_active,weight_loss,vegan
U0057,58,female,154,87,moderately_active,weight_gain,nonveg
U0058,38,female,164,59,lightly_active,weight_gain,vegan
U0059,29,female,164,83,lightly_active,maintenance,vegan
U0060,30,male,172,84,sedentary,weight_loss,vegan
U0061,21,female,180,84,sedentary,maintenance,veg
U0062,39,male,155,85,very_active,weight_loss,veg
U0063,19,female,172,75,sedentary,weight_gain,veg
U0064,28,female,173,98,very_active,weight_loss,veg
U0065,53,male,171,55,sedentary,weight_gain,nonveg
U0066,21,female,188,79,moderately_active,weight_gain,nonveg
U0067,41,female,180,77,moderately_active,maintenance,nonveg
U0068,24,male,186,85,lightly_active,weight_gain,veg
U0069,42,male,178,84,moderately_active,weight_loss,veg
U0070,22,female,152,63,very_active,weight_gain,vegan
U0071,20,female,152,70,very_active,maintenance,nonveg
U0072,57,male,186,73,moderately_active,weight_loss,vegan
U0073,54,female,169,87,sedentary,weight_gain,nonveg
U0074,23,male,185,69,sedentary,maintenance,veg
U0075,38,male,159,81,sedentary,weight_loss,veg
U0076,34,male,157,80,moderately_active,weight_gain,veg
U0077,58,female,170,67,moderately_active,weight_loss,nonveg
U0078,18,male,155,78,sedentary,weight_loss,veg
U0079,18,female,165,53,moderately_active,maintenance,nonveg
U0080,33,female,173,84,moderately_active,weight_loss,nonveg
U0081,55,male,179,57,sedentary,weight_loss,veg
U0082,30,male,156,56,moderately_active,weight_loss,vegan
U0083,45,female,182,94,very_active,maintenance,nonveg
U0084,53,female,152,75,very_active,weight_gain,veg
U0085,36,female,175,81,moderately_active,maintenance,vegan
U0086,46,male,186,66,moderately_active,weight_loss,nonveg
U0087,38,female,169,64,lightly_active,maintenance,vegan
U0088,57,male,172,83,very_active,weight_gain,veg
U0089,27,male,185,73,moderately_active,weight_gain,vegan
U0090,50,female,164,62,very_active,maintenance,vegan
U0091,52,male,165,76,sedentary,weight_gain,nonveg
U0092,19,female,160,93,sedentary,maintenance,vegan
U0093,22,male,183,79,very_active,maintenance,veg
U0094,44,female,170,75,sedentary,weight_gain,nonveg
U0095,45,female,155,68,lightly_active,maintenance,veg
U0096,54,female,177,88,moderately_active,weight_loss,nonveg
U0097,54,female,175,97,moderately_active,weight_gain,nonveg
U0098,22,male,184,59,very_active,weight_loss,vegan
U0099,40,male,189,99,lightly_active,maintenance,nonveg
U0100,38,male,188,99,very_active,weight_loss,nonveg
U0101,56,male,164,62,very_active,weight_gain,veg
U0102,40,male,161,54,lightly_active,weight_gain,vegan
U0103,41,male,155,94,sedentary,weight_gain,veg
U0104,31,female,180,57,lightly_active,maintenance,veg
U0105,18,male,170,79,moderately_active,weight_loss,vegan
U0106,18,male,152,78,moderately_active,weight_loss,vegan
U0107,24,male,174,71,sedentary,weight_gain,vegan
U0108,47,male,185,79,sedentary,weight_gain,vegan
U0109,34,male,165,86,sedentary,maintenance,nonveg
U0110,50,female,184,83,moderately_active,maintenance,veg
U0111,46,male,171,90,moderately_active,weight_gain,vegan
U0112,31,female,162,55,very_active,weight_gain,veg
U0113,51,female,165,79,moderately_active,weight_gain,vegan
U0114,60,female,152,93,moderately_active,maintenance,veg
U0115,31,male,173,90,very_active,maintenance,veg
U0116,19,male,183,57,lightly_active,weight_gain,vegan
U0117,49,female,166,58,sedentary,maintenance,vegan
U0118,59,male,185,91,moderately_active,weight_loss,nonveg
U0119,18,male,172,64,very_active,weight_loss,veg
U0120,56,female,171,77,sedentary,maintenance,veg
U0121,26,male,155,92,sedentary,maintenance,veg
U0122,53,female,161,75,sedentary,maintenance,nonveg
U0123,42,female,186,63,moderately_active,maintenance,nonveg
U0124,33,female,167,72,sedentary,weight_gain,nonveg
U0125,51,male,169,99,very_active,maintenance,nonveg
U0126,26,female,189,66,lightly_active,weight_loss,veg
U0127,36,female,188,89,moderately_active,maintenance,nonveg
U0128,47,male,151,79,moderately_active,weight_loss,nonveg
U0129,47,female,181,83,lightly_active,weight_gain,veg
U0130,32,female,154,53,lightly_active,maintenance,nonveg
U0131,54,male,159,70,very_active,weight_gain,vegan
U0132,42,male,182,53,very_active,weight_gain,nonveg
U0133,43,male,183,56,moderately_active,weight_loss,nonveg
U0134,50,male,158,87,sedentary,weight_loss,nonveg
U0135,35,male,152,67,lightly_active,weight_gain,nonveg
U0136,30,male,158,89,moderately_active,weight_loss,nonveg
U0137,58,male,158,76,moderately_active,maintenance,nonveg
U0138,52,female,159,52,lightly_active,maintenance,nonveg
U0139,58,male,177,94,very_active,maintenance,vegan
U0140,24,male,151,92,very_active,weight_gain,vegan
U0141,22,male,185,80,sedentary,weight_loss,vegan
U0142,49,male,163,65,very_active,weight_gain,veg
U0143,27,female,152,69,sedentary,maintenance,veg
U0144,35,female,169,90,moderately_active,weight_loss,veg
U0145,60,female,155,55,very_active,maintenance,vegan
U0146,52,male,165,69,sedentary,weight_gain,veg
U0147,36,female,173,93,sedentary,weight_gain,vegan
U0148,58,female,162,95,sedentary,weight_loss,nonveg
U0149,48,male,160,57,very_active,weight_gain,veg
U0150,32,male,157,55,lightly_active,weight_loss,veg
U0151,27,female,157,81,moderately_active,maintenance,vegan
U0152,59,female,176,88,very_active,maintenance,nonveg
U0153,55,male,189,95,lightly_active,maintenance,veg
U0154,35,male,168,78,very_active,weight_loss,vegan
U0155,50,male,184,80,lightly_active,weight_loss,veg
U0156,29,male,156,95,moderately_active,maintenance,vegan
U0157,32,female,178,74,lightly_active,weight_gain,veg
U0158,48,female,181,89,very_active,weight_loss,vegan
U0159,28,male,173,100,sedentary,maintenance,vegan
U0160,54,female,180,79,very_active,maintenance,vegan
U0161,56,female,166,63,lightly_active,weight_gain,vegan
U0162,28,male,156,63,moderately_active,weight_loss,veg
U0163,57,male,178,58,sedentary,weight_gain,veg
U0164,49,female,171,66,moderately_active,maintenance,veg
U0165,55,female,167,82,very_active,weight_gain,veg
U0166,59,female,157,80,very_active,weight_loss,vegan
U0167,37,female,165,96,moderately_active,weight_loss,nonveg
U0168,20,male,176,52,moderately_active,maintenance,veg
U0169,37,male,176,90,sedentary,weight_loss,nonveg
U0170,46,male,167,76,very_active,weight_gain,vegan
U0171,39,female,178,61,lightly_active,weight_loss,nonveg
U0172,57,male,185,100,sedentary,maintenance,nonveg
U0173,48,female,159,86,sedentary,maintenance,vegan
U0174,35,female,161,82,lightly_active,weight_gain,vegan
U0175,21,female,175,86,very_active,maintenance,vegan
U0176,21,male,176,89,moderately_active,weight_gain,nonveg
U0177,50,male,165,66,very_active,weight_gain,nonveg
U0178,59,male,161,79,sedentary,maintenance,veg
U0179,34,female,183,94,very_active,weight_gain,nonveg
U0180,57,female,151,80,sedentary,weight_gain,nonveg
U0181,18,female,165,94,sedentary,maintenance,nonveg
U0182,18,male,186,56,moderately_active,maintenance,vegan
U0183,45,female,174,89,moderately_active,weight_loss,nonveg
U0184,43,female,166,96,sedentary,weight_gain,nonveg
U0185,32,female,150,93,lightly_active,weight_loss,nonveg
U0186,60,male,183,68,sedentary,weight_gain,nonveg
U0187,23,female,164,68,sedentary,weight_gain,nonveg
U0188,58,male,152,89,sedentary,weight_loss,nonveg
U0189,32,male,186,98,moderately_active,maintenance,vegan
U0190,39,male,182,81,very_active,weight_loss,veg
U0191,43,female,152,100,lightly_active,weight_gain,veg
U0192,39,female,163,60,lightly_active,weight_loss,nonveg
U0193,54,female,164,56,moderately_active,maintenance,nonveg
U0194,45,male,160,89,very_active,weight_loss,veg
U0195,54,male,182,68,moderately_active,weight_gain,veg
U0196,22,female,165,83,lightly_active,weight_gain,nonveg
U0197,39,male,168,99,moderately_active,weight_gain,veg
U0198,22,male,173,60,moderately_active,weight_gain,veg
U0199,52,male,185,57,moderately_active,weight_gain,veg
U0200,27,male,180,79,moderately_active,weight_gain,vegan
U0201,37,male,189,59,lightly_active,weight_gain,vegan
U0202,34,male,169,64,moderately_active,weight_gain,veg
U0203,22,female,171,92,lightly_active,weight_gain,veg
U0204,54,male,186,74,sedentary,weight_gain,nonveg
U0205,43,male,175,100,very_active,weight_loss,veg
U0206,55,female,172,78,moderately_active,maintenance,veg
U0207,60,female,156,84,sedentary,weight_loss,vegan
U0208,59,female,183,78,very_active,maintenance,nonveg
U0209,56,female,166,61,lightly_active,maintenance,veg
U0210,18,male,164,56,lightly_active,weight_gain,nonveg
U0211,44,female,185,70,sedentary,maintenance,vegan
U0212,57,female,155,55,sedentary,weight_loss,nonveg
U0213,22,female,157,57,very_active,weight_loss,nonveg
U0214,24,female,162,74,lightly_active,weight_loss,veg
U0215,47,male,178,60,sedentary,weight_loss,nonveg
U0216,60,female,159,51,moderately_active,weight_gain,nonveg
U0217,20,female,174,62,very_active,weight_loss,veg
U0218,40,female,168,61,moderately_active,weight_gain,veg
U0219,21,female,156,99,sedentary,weight_loss,nonveg
U0220,33,female,151,92,lightly_active,weight_loss,nonveg
U0221,46,male,170,81,very_active,maintenance,nonveg
U0222,56,male,182,52,very_active,maintenance,nonveg
U0223,37,male,159,93,lightly_active,maintenance,vegan
U0224,58,male,183,74,moderately_active,maintenance,vegan
U0225,58,male,166,63,lightly_active,weight_gain,vegan
U0226,52,female,164,99,very_active,weight_loss,nonveg
U0227,57,male,177,97,lightly_active,weight_loss,nonveg
U0228,44,female,181,59,moderately_active,weight_gain,veg
U0229,25,male,157,55,sedentary,maintenance,veg
U0230,44,female,179,95,lightly_active,maintenance,vegan
U0231,37,female,162,98,lightly_active,maintenance,vegan
U0232,52,female,167,84,moderately_active,maintenance,vegan
U0233,49,male,158,55,sedentary,weight_loss,nonveg
U0234,29,male,168,64,sedentary,maintenance,vegan
U0235,54,male,159,65,lightly_active,weight_gain,veg
U0236,52,female,189,80,sedentary,maintenance,nonveg
U0237,24,female,157,50,sedentary,weight_loss,vegan
U0238,33,female,175,75,moderately_active,maintenance,veg
U0239,38,male,170,97,lightly_active,weight_gain,nonveg
U0240,26,female,173,69,very_active,weight_loss,vegan
U0241,20,female,154,69,very_active,weight_loss,veg
U0242,59,male,188,91,lightly_active,weight_loss,veg
U0243,18,male,165,98,lightly_active,weight_loss,nonveg
U0244,56,male,151,77,sedentary,maintenance,veg
U0245,40,female,155,84,lightly_active,maintenance,veg
U0246,55,female,189,57,lightly_active,maintenance,nonveg
U0247,53,male,186,56,very_active,weight_gain,nonveg
U0248,30,female,166,58,lightly_active,weight_gain,nonveg
U0249,42,male,178,60,lightly_active,weight_gain,vegan
U0250,55,male,150,52,lightly_active,maintenance,nonveg
U0251,49,male,159,58,lightly_active,maintenance,veg
U0252,54,female,158,63,lightly_active,weight_loss,veg
U0253,51,female,150,85,very_active,weight_gain,veg
U0254,39,female,154,95,sedentary,weight_gain,vegan
U0255,24,female,182,71,very_active,weight_loss,vegan
U0256,27,male,168,97,moderately_active,weight_gain,vegan
U0257,55,male,177,97,moderately_active,weight_loss,nonveg
U0258,29,female,155,89,sedentary,weight_loss,nonveg
U0259,35,male,190,75,moderately_active,weight_loss,vegan
U0260,39,female,164,80,very_active,weight_loss,nonveg
U0261,58,male,151,50,lightly_active,weight_gain,nonveg
U0262,26,male,185,81,sedentary,weight_gain,nonveg
U0263,30,female,163,76,moderately_active,weight_loss,nonveg
U0264,51,female,186,53,lightly_active,maintenance,veg
U0265,58,male,175,55,very_active,weight_loss,veg
U0266,49,female,180,58,very_active,weight_loss,nonveg
U0267,37,male,162,79,sedentary,weight_loss,vegan
U0268,24,female,164,84,moderately_active,weight_gain,nonveg
U0269,19,male,190,80,sedentary,maintenance,veg
U0270,20,female,188,65,sedentary,weight_loss,vegan
U0271,21,female,154,50,sedentary,maintenance,veg
U0272,44,female,189,73,lightly_active,weight_loss,veg
U0273,21,male,154,51,very_active,maintenance,veg
U0274,36,male,167,58,sedentary,weight_gain,veg
U0275,60,female,181,63,very_active,weight_gain,nonveg
U0276,19,male,175,69,sedentary,weight_gain,veg
U0277,47,male,173,98,very_active,maintenance,vegan
U0278,24,male,183,93,sedentary,maintenance,vegan
U0279,53,female,189,85,moderately_active,maintenance,veg
U0280,56,female,180,58,lightly_active,weight_loss,nonveg
U0281,58,female,185,51,sedentary,weight_loss,nonveg
U0282,35,male,156,69,lightly_active,weight_loss,vegan
U0283,22,female,189,72,very_active,weight_gain,vegan
U0284,34,female,190,70,lightly_active,maintenance,nonveg
U0285,23,male,170,65,very_active,weight_loss,veg
U0286,31,female,163,59,moderately_active,weight_gain,nonveg
U0287,49,female,176,83,sedentary,maintenance,vegan
U0288,34,male,174,97,moderately_active,weight_gain,veg
U0289,33,female,185,85,sedentary,weight_gain,vegan
U0290,57,male,172,61,sedentary,weight_gain,vegan
U0291,50,female,155,98,moderately_active,maintenance,veg
U0292,44,male,161,90,moderately_active,weight_loss,vegan
U0293,52,female,184,63,sedentary,weight_gain,vegan
U0294,36,male,176,80,moderately_active,maintenance,vegan
U0295,37,female,186,67,very_active,weight_loss,vegan
U0296,25,male,160,91,moderately_active,weight_loss,veg
U0297,42,male,176,80,very_active,weight_loss,vegan
U0298,38,female,181,54,very_active,weight_gain,vegan
U0299,57,female,157,62,sedentary,maintenance,vegan
U0300,34,female,161,86,very_active,maintenance,vegan
U0301,19,male,171,88,moderately_active,weight_loss,nonveg
U0302,25,male,178,53,sedentary,weight_gain,veg
U0303,58,female,186,61,lightly_active,weight_loss,veg
U0304,49,female,159,86,sedentary,weight_loss,vegan
U0305,33,female,172,98,sedentary,maintenance,vegan
U0306,39,male,155,81,sedentary,weight_gain,vegan
U0307,60,female,184,94,very_active,maintenance,vegan
U0308,50,male,183,69,moderately_active,weight_gain,veg
U0309,26,male,182,63,moderately_active,maintenance,nonveg
U0310,52,male,178,77,very_active,weight_loss,veg
U0311,31,female,160,68,very_active,weight_loss,vegan
U0312,22,male,152,62,lightly_active,weight_loss,veg
U0313,46,female,159,73,very_active,maintenance,nonveg
U0314,34,female,170,73,very_active,maintenance,nonveg
U0315,25,male,159,65,very_active,weight_loss,nonveg
U0316,27,female,190,97,lightly_active,maintenance,veg
U0317,54,male,168,74,moderately_active,maintenance,vegan
U0318,45,male,177,68,lightly_active,weight_loss,vegan
U0319,19,female,156,80,sedentary,weight_gain,vegan
U0320,37,female,158,76,very_active,weight_loss,nonveg
U0321,54,male,168,86,lightly_active,weight_loss,vegan
U0322,28,male,150,70,sedentary,maintenance,vegan
U0323,33,male,186,84,lightly_active,weight_gain,veg
U0324,23,male,153,85,moderately_active,weight_gain,vegan
U0325,31,male,155,58,lightly_active,weight_gain,vegan
U0326,53,female,154,82,lightly_active,weight_gain,vegan
U0327,26,female,170,75,sedentary,maintenance,vegan
U0328,59,female,171,55,moderately_active,weight_gain,veg
U0329,35,male,180,55,sedentary,weight_loss,vegan
U0330,57,female,189,59,sedentary,weight_gain,veg
U0331,34,male,179,79,lightly_active,maintenance,veg
U0332,60,male,166,85,moderately_active,weight_loss,nonveg
U0333,27,male,161,51,very_active,maintenance,nonveg
U0334,40,male,168,69,very_active,weight_loss,veg
U0335,27,female,178,59,sedentary,weight_gain,veg
U0336,45,female,185,90,moderately_active,maintenance,nonveg
U0337,44,female,156,50,moderately_active,maintenance,vegan
U0338,31,male,183,64,moderately_active,maintenance,nonveg
U0339,54,male,170,56,very_active,weight_gain,veg
U0340,47,female,157,78,sedentary,weight_gain,vegan
U0341,27,male,183,79,lightly_active,weight_gain,veg
U0342,47,male,168,68,lightly_active,maintenance,nonveg
U0343,41,male,169,84,very_active,maintenance,nonveg
U0344,36,female,168,99,lightly_active,weight_loss,nonveg
U0345,48,female,154,86,very_active,weight_gain,veg
U0346,26,male,177,92,very_active,weight_gain,veg
U0347,28,female,189,93,sedentary,weight_loss,nonveg
U0348,23,male,154,53,sedentary,maintenance,vegan
U0349,59,male,188,50,lightly_active,weight_loss,nonveg
U0350,26,male,159,53,very_active,weight_loss,nonveg
U0351,42,male,158,100,sedentary,weight_gain,vegan
U0352,48,female,156,70,lightly_active,weight_gain,vegan
U0353,21,male,185,66,moderately_active,maintenance,veg
U0354,20,female,168,96,very_active,weight_gain,veg
U0355,39,female,184,64,moderately_active,maintenance,veg
U0356,60,female,167,97,sedentary,maintenance,vegan
U0357,26,male,186,61,lightly_active,weight_loss,veg
U0358,34,female,168,96,moderately_active,weight_loss,vegan
U0359,42,female,167,78,sedentary,weight_gain,vegan
U0360,19,male,185,70,very_active,weight_gain,vegan
U0361,43,female,169,64,very_active,weight_gain,veg
U0362,23,female,150,54,moderately_active,weight_loss,vegan
U0363,51,female,175,86,sedentary,weight_loss,vegan
U0364,55,female,154,87,sedentary,maintenance,nonveg
U0365,36,female,164,52,lightly_active,weight_loss,veg
U0366,30,female,155,75,sedentary,weight_loss,veg
U0367,32,male,168,51,sedentary,weight_loss,nonveg
U0368,32,female,189,84,moderately_active,weight_gain,vegan
U0369,52,male,172,52,lightly_active,weight_loss,veg
U0370,24,male,167,52,moderately_active,weight_loss,vegan
U0371,47,female,158,93,lightly_active,weight_gain,nonveg
U0372,55,female,170,88,sedentary,weight_gain,veg
U0373,33,male,175,60,very_active,maintenance,nonveg
U0374,46,female,164,100,moderately_active,weight_loss,nonveg
U0375,23,male,178,55,sedentary,weight_gain,vegan
U0376,49,female,170,66,sedentary,maintenance,vegan
U0377,25,male,156,75,moderately_active,maintenance,vegan
U0378,21,male,186,94,sedentary,weight_loss,nonveg
U0379,52,female,186,56,very_active,maintenance,nonveg
U0380,18,male,186,51,lightly_active,weight_gain,veg
U0381,30,male,158,88,moderately_active,weight_loss,veg
U0382,42,male,165,51,moderately_active,weight_gain,nonveg
U0383,53,male,181,76,lightly_active,weight_gain,nonveg
U0384,41,male,178,71,moderately_active,weight_gain,nonveg
U0385,55,female,160,85,very_active,weight_gain,veg
U0386,44,female,190,86,moderately_active,maintenance,veg
U0387,53,female,162,73,moderately_active,weight_gain,veg
U0388,45,female,155,53,sedentary,weight_gain,nonveg
U0389,56,male,165,67,moderately_active,maintenance,nonveg
U0390,58,female,153,69,sedentary,maintenance,nonveg
U0391,39,female,166,66,lightly_active,maintenance,nonveg
U0392,38,male,181,78,moderately_active,weight_gain,nonveg
U0393,58,male,183,96,lightly_active,weight_gain,vegan
U0394,52,female,160,92,lightly_active,weight_gain,veg
U0395,34,female,185,72,moderately_active,maintenance,veg
U0396,57,female,183,91,very_active,weight_gain,nonveg
U0397,49,male,153,72,sedentary,weight_gain,vegan
U0398,47,male,159,65,lightly_active,maintenance,vegan
U0399,39,male,173,65,lightly_active,weight_loss,vegan
U0400,52,male,161,61,sedentary,weight_gain,nonveg
U0401,31,male,175,85,moderately_active,weight_loss,nonveg
U0402,51,male,188,99,sedentary,weight_loss,nonveg
U0403,44,female,161,74,moderately_active,weight_loss,veg
U0404,27,male,169,82,moderately_active,maintenance,veg
U0405,50,female,173,88,moderately_active,weight_gain,veg
U0406,56,male,171,55,sedentary,weight_loss,veg
U0407,33,female,150,80,moderately_active,weight_loss,veg
U0408,24,female,159,74,lightly_active,maintenance,vegan
U0409,38,male,183,76,sedentary,maintenance,veg
U0410,29,female,169,84,very_active,weight_loss,veg
U0411,30,female,163,61,moderately_active,weight_loss,vegan
U0412,46,male,154,99,very_active,weight_loss,nonveg
U0413,18,male,173,70,sedentary,weight_gain,nonveg
U0414,32,male,173,95,very_active,weight_gain,veg
U0415,60,female,151,82,lightly_active,maintenance,nonveg
U0416,22,male,161,82,very_active,weight_gain,veg
U0417,33,male,190,68,very_active,weight_gain,vegan
U0418,24,male,168,53,sedentary,maintenance,veg
U0419,57,male,150,96,sedentary,weight_gain,vegan
U0420,24,female,156,64,very_active,maintenance,vegan
U0421,36,female,181,87,moderately_active,weight_gain,vegan
U0422,36,female,155,88,very_active,maintenance,veg
U0423,29,male,153,100,lightly_active,weight_loss,vegan
U0424,32,female,162,94,sedentary,maintenance,veg
U0425,57,male,151,67,lightly_active,weight_loss,nonveg
U0426,41,female,163,78,moderately_active,maintenance,vegan
U0427,28,male,152,72,lightly_active,weight_loss,nonveg
U0428,45,male,159,92,very_active,maintenance,vegan
U0429,41,male,180,95,lightly_active,weight_gain,veg
U0430,29,female,188,95,lightly_active,maintenance,nonveg
U0431,40,male,159,68,very_active,weight_loss,vegan
U0432,43,female,173,61,sedentary,weight_gain,vegan
U0433,44,female,151,60,sedentary,weight_gain,vegan
U0434,43,male,181,88,moderately_active,maintenance,vegan
U0435,44,male,161,88,sedentary,maintenance,nonveg
U0436,43,female,166,91,lightly_active,weight_gain,nonveg
U0437,33,male,174,69,moderately_active,weight_loss,veg
U0438,34,male,189,100,sedentary,weight_loss,veg
U0439,32,female,152,99,moderately_active,weight_gain,nonveg
U0440,47,female,184,88,sedentary,weight_gain,vegan
U0441,42,female,188,86,lightly_active,weight_gain,vegan
U0442,24,female,181,63,moderately_active,maintenance,nonveg
U0443,48,female,183,76,moderately_active,weight_loss,vegan
U0444,58,male,167,96,moderately_active,weight_loss,nonveg
U0445,48,male,174,87,sedentary,maintenance,veg
U0446,49,female,175,88,lightly_active,weight_loss,veg
U0447,42,female,165,70,very_active,weight_loss,vegan
U0448,56,male,168,80,sedentary,maintenance,nonveg
U0449,24,female,170,100,sedentary,weight_loss,vegan
U0450,38,female,152,95,very_active,weight_loss,veg
U0451,60,male,169,70,very_active,maintenance,vegan
U0452,58,male,180,83,very_active,weight_gain,vegan
U0453,39,male,183,91,moderately_active,maintenance,vegan
U0454,34,female,188,73,very_active,weight_gain,vegan
U0455,35,female,151,83,sedentary,weight_loss,veg
U0456,22,female,168,87,very_active,weight_loss,nonveg
U0457,47,female,162,76,very_active,weight_gain,veg
U0458,43,female,153,74,lightly_active,weight_loss,veg
U0459,35,male,168,93,very_active,weight_gain,vegan
U0460,41,male,189,74,lightly_active,weight_gain,veg
U0461,29,male,170,61,moderately_active,weight_gain,veg
U0462,56,male,178,55,moderately_active,maintenance,vegan
U0463,43,male,188,70,moderately_active,weight_gain,nonveg
U0464,46,male,180,97,sedentary,weight_gain,vegan
U0465,36,female,162,89,moderately_active,weight_loss,vegan
U0466,32,male,187,80,moderately_active,maintenance,vegan
U0467,55,male,188,95,very_active,weight_gain,veg
U0468,56,female,169,61,very_active,maintenance,nonveg
U0469,58,female,176,65,lightly_active,maintenance,nonveg
U0470,52,male,151,83,sedentary,maintenance,nonveg
U0471,20,male,182,76,very_active,weight_loss,veg
U0472,58,female,178,74,moderately_active,weight_loss,veg
U0473,32,male,187,50,moderately_active,maintenance,nonveg
U0474,38,female,188,94,moderately_active,weight_loss,veg
U0475,29,female,188,76,very_active,weight_gain,nonveg
U0476,39,female,156,72,very_active,maintenance,veg
U0477,46,male,183,94,very_active,weight_gain,nonveg
U0478,32,female,160,70,moderately_active,weight_loss,nonveg
U0479,37,female,177,70,very_active,weight_loss,veg
U0480,21,female,163,73,sedentary,weight_gain,nonveg
U0481,53,female,153,84,sedentary,weight_gain,veg
U0482,18,female,150,55,very_active,weight_gain,nonveg
U0483,49,female,179,62,moderately_active,weight_loss,vegan
U0484,47,female,161,72,lightly_active,weight_loss,vegan
U0485,31,male,150,55,very_active,maintenance,veg
U0486,25,female,169,59,moderately_active,maintenance,veg
U0487,47,male,186,67,lightly_active,weight_gain,veg
U0488,35,male,167,59,moderately_active,weight_loss,nonveg
U0489,35,male,154,99,moderately_active,maintenance,vegan
U0490,29,female,182,87,very_active,weight_gain,veg
U0491,37,male,190,62,very_active,weight_gain,nonveg
U0492,49,male,151,92,sedentary,weight_gain,veg
U0493,28,male,160,100,very_active,maintenance,vegan
U0494,42,female,182,90,sedentary,weight_gain,nonveg
U0495,41,male,174,59,moderately_active,weight_loss,vegan
U0496,22,male,159,83,sedentary,weight_gain,vegan
U0497,18,female,162,94,sedentary,weight_gain,veg
U0498,60,female,177,98,lightly_active,maintenance,nonveg
U0499,45,male,188,92,lightly_active,weight_gain,veg
U0500,33,male,157,63,very_active,weight_loss,nonveg
U0501,34,male,150,58,moderately_active,weight_loss,veg
U0502,26,male,168,94,very_active,maintenance,nonveg
U0503,40,female,167,95,moderately_active,maintenance,vegan
U0504,25,female,158,65,sedentary,weight_loss,vegan
U0505,40,male,152,76,lightly_active,maintenance,nonveg
U0506,32,male,153,54,sedentary,weight_loss,nonveg
U0507,20,male,170,67,very_active,maintenance,nonveg
U0508,59,male,190,85,moderately_active,weight_loss,veg
U0509,19,male,160,62,sedentary,weight_gain,vegan
U0510,37,female,156,87,very_active,maintenance,nonveg
U0511,23,female,155,92,moderately_active,maintenance,veg
U0512,39,female,153,64,lightly_active,weight_gain,veg
U0513,22,female,162,67,sedentary,weight_loss,vegan
U0514,38,female,169,99,very_active,weight_gain,veg
U0515,20,female,190,56,moderately_active,weight_gain,veg
U0516,36,female,181,62,lightly_active,weight_gain,veg
U0517,42,female,172,66,moderately_active,weight_gain,vegan
U0518,37,female,175,52,very_active,weight_gain,veg
U0519,34,female,177,50,sedentary,maintenance,vegan
U0520,25,male,179,75,lightly_active,maintenance,nonveg
U0521,59,male,152,82,very_active,weight_gain,nonveg
U0522,59,male,153,54,very_active,weight_loss,nonveg
U0523,20,male,166,90,sedentary,weight_gain,vegan
U0524,45,male,171,73,sedentary,weight_loss,veg
U0525,42,female,182,59,lightly_active,maintenance,veg
U0526,35,female,185,77,lightly_active,weight_gain,veg
U0527,33,male,163,50,moderately_active,weight_loss,veg
U0528,53,female,185,79,sedentary,weight_gain,vegan
U0529,26,female,176,62,sedentary,maintenance,veg
U0530,23,female,189,60,very_active,maintenance,nonveg
U0531,50,male,181,88,sedentary,weight_loss,vegan
U0532,32,female,158,87,very_active,weight_loss,nonveg
U0533,24,female,187,60,lightly_active,weight_loss,nonveg
U0534,51,female,150,60,sedentary,maintenance,vegan
U0535,46,male,152,87,very_active,maintenance,nonveg
U0536,18,female,159,93,very_active,weight_gain,vegan
U0537,43,female,174,60,moderately_active,weight_loss,veg
U0538,60,female,155,84,sedentary,weight_loss,vegan
U0539,28,male,168,60,moderately_active,weight_gain,nonveg
U0540,22,female,187,54,very_active,weight_loss,veg
U0541,51,male,154,66,sedentary,weight_loss,vegan
U0542,25,male,173,100,very_active,weight_gain,veg
U0543,50,male,150,75,very_active,weight_gain,veg
U0544,25,male,178,53,moderately_active,weight_loss,nonveg
U0545,28,male,151,81,lightly_active,weight_gain,nonveg
U0546,52,female,172,52,moderately_active,maintenance,veg
U0547,32,male,152,97,moderately_active,maintenance,nonveg
U0548,54,female,174,94,very_active,maintenance,vegan
U0549,59,male,150,63,very_active,weight_gain,vegan
U0550,59,male,157,96,moderately_active,maintenance,vegan
U0551,60,male,176,67,very_active,weight_loss,vegan
U0552,35,male,175,96,lightly_active,weight_gain,veg
U0553,43,male,172,56,sedentary,maintenance,veg
U0554,23,male,154,68,sedentary,maintenance,nonveg
U0555,26,female,159,80,moderately_active,weight_loss,vegan
U0556,47,female,173,75,moderately_active,maintenance,vegan
U0557,48,female,158,75,moderately_active,weight_gain,veg
U0558,47,female,184,91,moderately_active,maintenance,vegan
U0559,24,male,163,91,lightly_active,weight_gain,vegan
U0560,41,male,164,60,sedentary,weight_loss,nonveg
U0561,33,female,188,51,sedentary,weight_gain,veg
U0562,30,female,163,64,very_active,weight_gain,vegan
U0563,35,female,172,62,sedentary,weight_gain,veg
U0564,59,male,154,55,lightly_active,weight_loss,nonveg
U0565,58,female,171,58,moderately_active,weight_loss,vegan
U0566,20,male,158,87,very_active,weight_loss,nonveg
U0567,34,male,175,75,lightly_active,maintenance,nonveg
U0568,45,female,170,93,moderately_active,weight_gain,nonveg
U0569,56,female,150,98,moderately_active,weight_loss,veg
U0570,49,male,162,68,lightly_active,maintenance,nonveg
U0571,27,female,175,82,lightly_active,maintenance,nonveg
U0572,48,male,157,65,lightly_active,maintenance,vegan
U0573,25,male,150,71,very_active,weight_loss,veg
U0574,27,female,169,83,moderately_active,weight_gain,veg
U0575,37,male,178,64,very_active,maintenance,nonveg
U0576,48,female,172,53,moderately_active,weight_gain,nonveg
U0577,26,male,166,63,lightly_active,weight_gain,vegan
U0578,58,female,156,69,lightly_active,weight_gain,vegan
U0579,20,male,189,88,lightly_active,weight_gain,nonveg
U0580,50,female,154,77,sedentary,maintenance,veg
U0581,18,male,182,54,lightly_active,weight_loss,vegan
U0582,51,male,186,56,lightly_active,maintenance,veg
U0583,32,male,181,53,moderately_active,weight_loss,veg
U0584,30,female,162,89,very_active,weight_gain,nonveg
U0585,28,female,165,64,lightly_active,maintenance,vegan
U0586,60,male,174,98,lightly_active,weight_gain,veg
U0587,40,female,180,65,very_active,maintenance,nonveg
U0588,33,female,152,100,very_active,weight_gain,nonveg
U0589,33,female,177,90,lightly_active,weight_loss,nonveg
U0590,57,male,178,68,sedentary,weight_loss,nonveg
U0591,55,male,189,100,lightly_active,weight_loss,nonveg
U0592,45,male,160,61,very_active,weight_loss,veg
U0593,39,female,186,90,moderately_active,weight_gain,vegan
U0594,29,female,151,56,lightly_active,maintenance,veg
U0595,56,male,169,95,lightly_active,weight_loss,veg
U0596,53,male,166,93,moderately_active,weight_gain,vegan
U0597,49,male,168,100,very_active,maintenance,vegan
U0598,58,female,162,71,moderately_active,maintenance,nonveg
U0599,48,female,171,98,moderately_active,maintenance,nonveg
U0600,51,female,183,88,sedentary,weight_loss,nonveg
U0601,45,male,186,77,sedentary,maintenance,vegan
U0602,34,male,155,67,very_active,weight_gain,nonveg
U0603,26,female,159,98,moderately_active,weight_gain,veg
U0604,20,male,158,58,sedentary,maintenance,vegan
U0605,31,female,163,82,sedentary,weight_loss,vegan
U0606,25,male,171,52,sedentary,maintenance,vegan
U0607,42,female,181,57,sedentary,weight_loss,veg
U0608,55,male,165,72,sedentary,weight_gain,nonveg
U0609,58,female,184,58,lightly_active,weight_gain,veg
U0610,56,male,188,67,lightly_active,maintenance,veg
U0611,31,female,177,63,very_active,maintenance,nonveg
U0612,55,female,181,93,very_active,weight_loss,veg
U0613,43,female,155,58,lightly_active,weight_loss,nonveg
U0614,37,female,174,65,moderately_active,weight_loss,vegan
U0615,36,male,166,59,lightly_active,weight_loss,vegan
U0616,34,male,182,62,very_active,weight_gain,nonveg
U0617,57,male,169,94,moderately_active,maintenance,nonveg
U0618,30,male,168,72,sedentary,maintenance,nonveg
U0619,21,male,156,76,moderately_active,weight_gain,vegan
U0620,39,female,153,51,moderately_active,weight_gain,nonveg
U0621,52,female,181,87,lightly_active,maintenance,vegan
U0622,20,female,179,59,moderately_active,weight_gain,veg
U0623,28,female,190,63,sedentary,weight_loss,veg
U0624,42,female,152,87,sedentary,weight_gain,vegan
U0625,48,male,183,99,very_active,weight_gain,vegan
U0626,30,female,167,68,lightly_active,weight_loss,veg
U0627,27,female,156,64,sedentary,maintenance,nonveg
U0628,52,male,153,92,lightly_active,maintenance,nonveg
U0629,25,female,150,59,very_active,maintenance,veg
U0630,30,female,188,64,moderately_active,weight_gain,vegan
U0631,37,female,188,82,very_active,weight_gain,vegan
U0632,33,male,154,57,very_active,weight_loss,veg
U0633,44,female,168,84,moderately_active,maintenance,vegan
U0634,37,male,156,72,lightly_active,maintenance,vegan
U0635,47,female,184,96,sedentary,weight_loss,vegan
U0636,40,female,169,73,sedentary,weight_loss,veg
U0637,23,female,153,80,lightly_active,weight_loss,veg
U0638,49,female,185,95,lightly_active,weight_loss,veg
U0639,48,female,154,77,very_active,weight_loss,nonveg
U0640,18,female,177,79,lightly_active,maintenance,veg
U0641,34,male,169,89,lightly_active,maintenance,veg
U0642,35,male,167,69,lightly_active,weight_loss,vegan
U0643,37,female,178,75,very_active,weight_gain,nonveg
U0644,22,male,184,78,moderately_active,weight_loss,veg
U0645,37,female,174,66,moderately_active,weight_loss,vegan
U0646,32,male,179,88,moderately_active,maintenance,veg
U0647,48,female,168,69,moderately_active,maintenance,vegan
U0648,24,female,160,81,lightly_active,weight_loss,vegan
U0649,37,female,162,100,lightly_active,weight_loss,veg
U0650,30,female,150,67,sedentary,weight_gain,nonveg
U0651,19,female,181,96,sedentary,weight_loss,nonveg
U0652,21,male,154,75,moderately_active,weight_loss,vegan
U0653,45,male,176,54,lightly_active,weight_gain,veg
U0654,45,male,189,50,moderately_active,weight_loss,vegan
U0655,34,male,161,54,very_active,weight_loss,veg
U0656,55,female,188,74,very_active,maintenance,veg
U0657,25,male,175,57,sedentary,maintenance,nonveg
U0658,54,male,161,95,very_active,weight_loss,nonveg
U0659,23,male,169,89,very_active,maintenance,veg
U0660,48,female,167,95,lightly_active,maintenance,vegan
U0661,42,female,158,73,sedentary,weight_gain,nonveg
U0662,59,male,189,73,sedentary,weight_gain,nonveg
U0663,51,female,153,89,sedentary,maintenance,veg
U0664,44,male,156,76,lightly_active,weight_gain,nonveg
U0665,35,female,173,65,lightly_active,weight_loss,vegan
U0666,44,female,172,56,very_active,maintenance,nonveg
U0667,36,male,170,52,lightly_active,weight_gain,vegan
U0668,19,male,188,95,moderately_active,weight_loss,vegan
U0669,42,female,181,71,moderately_active,weight_loss,veg
U0670,33,male,168,88,moderately_active,weight_loss,vegan
U0671,56,male,161,61,very_active,weight_gain,vegan
U0672,20,male,162,87,moderately_active,weight_loss,nonveg
U0673,33,male,168,62,sedentary,weight_loss,veg
U0674,42,male,186,96,moderately_active,weight_loss,nonveg
U0675,31,male,169,90,lightly_active,weight_gain,veg
U0676,58,male,157,51,sedentary,maintenance,vegan
U0677,39,female,158,75,moderately_active,weight_loss,vegan
U0678,55,male,170,76,sedentary,maintenance,nonveg
U0679,56,female,180,83,moderately_active,maintenance,vegan
U0680,41,female,160,89,very_active,maintenance,vegan
U0681,24,female,182,79,moderately_active,maintenance,vegan
U0682,38,female,184,70,moderately_active,maintenance,nonveg
U0683,30,male,170,73,sedentary,weight_gain,nonveg
U0684,51,male,178,51,lightly_active,weight_gain,veg
U0685,44,female,166,70,very_active,weight_gain,vegan
U0686,43,male,151,89,lightly_active,weight_gain,vegan
U0687,34,male,178,62,very_active,weight_gain,veg
U0688,51,female,153,82,very_active,weight_gain,vegan
U0689,20,female,189,51,moderately_active,maintenance,vegan
U0690,45,female,152,51,lightly_active,maintenance,nonveg
U0691,49,female,183,88,sedentary,weight_loss,nonveg
U0692,39,female,179,59,very_active,weight_gain,nonveg
U0693,29,female,190,59,sedentary,weight_loss,nonveg
U0694,29,female,151,61,very_active,maintenance,vegan
U0695,24,female,178,94,very_active,weight_gain,veg
U0696,28,male,172,98,lightly_active,maintenance,veg
U0697,36,male,164,86,very_active,weight_loss,nonveg
U0698,46,male,158,88,lightly_active,weight_loss,veg
U0699,57,female,163,55,sedentary,maintenance,nonveg
U0700,19,male,178,84,sedentary,weight_loss,vegan
U0701,31,female,190,76,sedentary,maintenance,nonveg
U0702,24,male,175,50,sedentary,weight_loss,vegan
U0703,39,female,157,98,very_active,weight_gain,nonveg
U0704,28,female,182,52,moderately_active,maintenance,veg
U0705,58,male,153,54,lightly_active,weight_gain,veg
U0706,58,female,190,84,sedentary,maintenance,vegan
U0707,26,female,176,59,sedentary,weight_gain,vegan
U0708,22,female,173,98,moderately_active,weight_loss,veg
U0709,51,male,177,50,lightly_active,weight_gain,nonveg
U0710,38,female,161,96,moderately_active,weight_loss,veg
U0711,39,female,163,99,lightly_active,maintenance,vegan
U0712,28,female,182,66,lightly_active,weight_loss,nonveg
U0713,54,female,179,63,sedentary,weight_loss,vegan
U0714,42,female,167,82,sedentary,weight_gain,veg
U0715,24,female,163,96,sedentary,weight_loss,vegan
U0716,20,male,188,69,sedentary,maintenance,nonveg
U0717,60,female,186,98,very_active,weight_loss,nonveg
U0718,50,male,170,66,lightly_active,weight_loss,nonveg
U0719,57,male,156,57,lightly_active,weight_loss,veg
U0720,19,male,156,64,sedentary,maintenance,vegan
U0721,30,female,169,68,moderately_active,maintenance,veg
U0722,22,male,167,80,lightly_active,weight_loss,veg
U0723,51,female,180,93,moderately_active,weight_loss,nonveg
U0724,27,female,178,66,moderately_active,maintenance,nonveg
U0725,22,female,187,51,sedentary,weight_loss,nonveg
U0726,59,female,188,52,sedentary,maintenance,vegan
U0727,59,male,178,89,sedentary,weight_loss,nonveg
U0728,39,male,187,91,very_active,weight_gain,nonveg
U0729,55,female,187,72,very_active,weight_loss,nonveg
U0730,22,female,187,69,very_active,weight_loss,nonveg
U0731,58,male,177,63,lightly_active,weight_gain,nonveg
U0732,44,female,181,53,sedentary,weight_loss,nonveg
U0733,48,female,169,96,lightly_active,weight_loss,veg
U0734,48,male,173,64,lightly_active,weight_gain,veg
U0735,51,female,155,57,moderately_active,weight_gain,veg
U0736,53,female,169,67,lightly_active,maintenance,nonveg
U0737,57,male,180,66,sedentary,weight_gain,vegan
U0738,53,female,151,63,very_active,weight_loss,veg
U0739,24,female,181,78,very_active,weight_gain,vegan
U0740,21,female,183,93,very_active,maintenance,veg
U0741,33,male,183,54,very_active,maintenance,vegan
U0742,47,female,152,52,very_active,weight_loss,veg
U0743,49,female,159,90,lightly_active,weight_loss,nonveg
U0744,55,female,166,74,moderately_active,weight_loss,nonveg
U0745,18,male,152,51,moderately_active,maintenance,veg
U0746,32,female,162,88,lightly_active,weight_gain,vegan
U0747,43,male,158,94,moderately_active,weight_loss,vegan
U0748,35,female,164,75,lightly_active,maintenance,vegan
U0749,24,female,178,74,lightly_active,maintenance,nonveg
U0750,58,female,167,61,moderately_active,maintenance,vegan
U0751,36,male,187,73,sedentary,weight_loss,nonveg
U0752,32,male,172,94,sedentary,maintenance,nonveg
U0753,50,female,161,57,lightly_active,weight_gain,veg
U0754,23,male,182,78,very_active,weight_gain,nonveg
U0755,20,female,160,89,sedentary,maintenance,veg
U0756,59,male,168,57,very_active,weight_loss,nonveg
U0757,27,male,150,63,sedentary,weight_gain,nonveg
U0758,33,female,168,51,moderately_active,weight_gain,veg
U0759,18,male,157,70,moderately_active,maintenance,veg
U0760,20,female,158,72,very_active,weight_loss,vegan
U0761,47,male,154,79,lightly_active,weight_gain,veg
U0762,38,female,174,96,sedentary,weight_gain,nonveg
U0763,23,female,187,67,very_active,weight_loss,vegan
U0764,55,female,153,96,very_active,weight_gain,nonveg
U0765,41,male,157,95,very_active,maintenance,vegan
U0766,19,male,169,91,moderately_active,weight_gain,vegan
U0767,60,female,185,84,very_active,weight_loss,vegan
U0768,29,male,164,65,sedentary,weight_gain,vegan
U0769,34,male,167,58,sedentary,weight_gain,veg
U0770,25,male,175,95,very_active,maintenance,veg
U0771,33,female,180,82,moderately_active,weight_gain,nonveg
U0772,26,female,165,50,sedentary,weight_loss,nonveg
U0773,56,male,150,80,sedentary,weight_loss,nonveg
U0774,22,female,155,70,sedentary,maintenance,veg
U0775,33,male,166,74,sedentary,weight_loss,nonveg
U0776,48,female,179,74,moderately_active,maintenance,vegan
U0777,31,male,160,53,very_active,weight_gain,vegan
U0778,49,male,160,89,sedentary,weight_loss,nonveg
U0779,24,female,178,85,moderately_active,maintenance,veg
U0780,54,male,155,68,very_active,maintenance,nonveg
U0781,40,female,153,54,very_active,weight_loss,veg
U0782,56,female,153,79,very_active,weight_loss,veg
U0783,38,male,180,50,moderately_active,weight_loss,veg
U0784,32,female,162,72,very_active,weight_gain,nonveg
U0785,59,male,161,62,sedentary,maintenance,veg
U0786,44,female,154,54,sedentary,maintenance,nonveg
U0787,42,female,177,74,moderately_active,weight_gain,nonveg
U0788,54,male,172,58,moderately_active,weight_loss,veg
U0789,60,male,170,97,sedentary,weight_loss,veg
U0790,31,female,150,62,very_active,weight_gain,veg
U0791,42,male,152,70,moderately_active,weight_loss,vegan
U0792,55,female,185,71,moderately_active,maintenance,veg
U0793,52,male,150,84,moderately_active,weight_gain,vegan
U0794,53,female,155,84,very_active,weight_gain,vegan
U0795,47,female,154,70,moderately_active,weight_gain,veg
U0796,29,female,150,96,lightly_active,weight_loss,vegan
U0797,34,female,165,100,lightly_active,maintenance,nonveg
U0798,31,male,161,72,lightly_active,maintenance,nonveg
U0799,44,female,151,80,very_active,weight_loss,veg
U0800,24,female,164,84,lightly_active,weight_loss,nonveg
U0801,44,male,162,79,lightly_active,maintenance,veg
U0802,33,female,152,53,very_active,maintenance,veg
U0803,23,female,190,71,lightly_active,maintenance,nonveg
U0804,40,female,173,61,lightly_active,maintenance,veg
U0805,52,female,164,54,very_active,weight_gain,veg
U0806,28,female,184,88,lightly_active,weight_gain,veg
U0807,60,female,185,61,lightly_active,weight_gain,nonveg
U0808,53,female,160,98,sedentary,weight_loss,nonveg
U0809,49,female,159,59,lightly_active,maintenance,vegan
U0810,46,male,160,95,lightly_active,maintenance,nonveg
U0811,36,female,158,62,moderately_active,maintenance,nonveg
U0812,47,female,160,66,moderately_active,maintenance,vegan
U0813,36,female,155,70,moderately_active,maintenance,nonveg
U0814,18,female,157,57,lightly_active,weight_gain,nonveg
U0815,40,female,165,86,moderately_active,weight_gain,veg
U0816,34,male,154,72,sedentary,weight_gain,nonveg
U0817,21,female,177,62,moderately_active,maintenance,vegan
U0818,28,female,153,56,very_active,weight_loss,veg
U0819,42,male,183,64,moderately_active,weight_loss,nonveg
U0820,46,male,172,75,moderately_active,maintenance,veg
U0821,50,male,154,83,very_active,maintenance,vegan
U0822,20,male,168,65,very_active,maintenance,nonveg
U0823,40,female,179,99,moderately_active,weight_gain,veg
U0824,60,female,176,61,sedentary,maintenance,vegan
U0825,29,male,167,98,sedentary,maintenance,veg
U0826,24,male,187,70,lightly_active,weight_gain,vegan
U0827,39,female,152,100,very_active,weight_gain,vegan
U0828,24,male,153,73,lightly_active,weight_gain,veg
U0829,41,female,163,80,moderately_active,weight_loss,nonveg
U0830,54,male,181,51,very_active,maintenance,nonveg
U0831,25,female,186,73,sedentary,maintenance,nonveg
U0832,18,female,156,68,lightly_active,maintenance,nonveg
U0833,48,male,173,94,moderately_active,weight_gain,veg
U0834,40,male,161,73,very_active,weight_loss,vegan
U0835,34,male,153,56,sedentary,weight_gain,veg
U0836,49,female,184,75,sedentary,weight_loss,vegan
U0837,46,male,183,51,very_active,weight_gain,vegan
U0838,24,male,153,65,moderately_active,maintenance,veg
U0839,34,female,151,69,very_active,maintenance,veg
U0840,30,female,169,68,very_active,maintenance,vegan
U0841,31,male,153,68,sedentary,maintenance,veg
U0842,59,female,185,92,sedentary,weight_gain,veg
U0843,36,female,184,87,moderately_active,weight_gain,vegan
U0844,41,male,172,79,very_active,maintenance,nonveg
U0845,19,male,151,99,lightly_active,maintenance,veg
U0846,35,female,174,65,sedentary,weight_loss,vegan
U0847,55,female,168,92,sedentary,weight_gain,nonveg
U0848,58,male,156,61,very_active,weight_loss,veg
U0849,22,male,150,75,lightly_active,weight_gain,veg
U0850,29,female,178,89,moderately_active,weight_loss,veg
U0851,27,male,165,84,moderately_active,weight_gain,veg
U0852,41,male,162,91,very_active,weight_loss,nonveg
U0853,42,female,164,86,moderately_active,weight_gain,vegan
U0854,43,male,160,67,moderately_active,weight_gain,veg
U0855,20,female,179,84,very_active,maintenance,vegan
U0856,25,female,164,75,sedentary,weight_loss,vegan
U0857,58,female,151,79,lightly_active,maintenance,vegan
U0858,52,male,162,99,very_active,maintenance,nonveg
U0859,23,female,184,95,very_active,maintenance,vegan
U0860,45,female,178,91,moderately_active,weight_loss,nonveg
U0861,41,male,188,68,lightly_active,weight_gain,nonveg
U0862,54,female,167,56,very_active,weight_gain,veg
U0863,52,female,165,52,lightly_active,weight_gain,nonveg
U0864,60,male,180,85,moderately_active,maintenance,veg
U0865,40,female,179,95,very_active,weight_gain,vegan
U0866,43,female,156,86,sedentary,maintenance,vegan
U0867,33,male,167,77,lightly_active,weight_loss,nonveg
U0868,38,female,153,86,sedentary,weight_loss,vegan
U0869,56,male,150,61,lightly_active,maintenance,veg
U0870,50,female,183,95,sedentary,maintenance,veg
U0871,45,female,166,78,very_active,weight_loss,nonveg
U0872,57,male,165,82,sedentary,weight_loss,nonveg
U0873,35,male,155,99,sedentary,weight_loss,nonveg
U0874,27,male,174,68,lightly_active,maintenance,nonveg
U0875,28,male,172,55,very_active,weight_loss,nonveg
U0876,19,male,172,77,moderately_active,weight_gain,veg
U0877,35,female,179,85,very_active,weight_gain,veg
U0878,36,female,163,78,lightly_active,weight_gain,nonveg
U0879,53,female,178,53,lightly_active,maintenance,vegan
U0880,35,male,166,90,sedentary,maintenance,vegan
U0881,47,female,180,77,lightly_active,weight_gain,nonveg
U0882,52,male,185,80,sedentary,weight_loss,veg
U0883,28,male,167,69,moderately_active,weight_loss,veg
U0884,46,female,157,80,moderately_active,maintenance,veg
U0885,58,male,153,100,sedentary,weight_loss,veg
U0886,24,female,176,80,lightly_active,maintenance,nonveg
U0887,49,female,177,71,very_active,maintenance,vegan
U0888,43,female,171,79,very_active,weight_gain,nonveg
U0889,32,female,164,66,sedentary,weight_loss,veg
U0890,18,male,161,92,very_active,maintenance,nonveg
U0891,58,female,173,91,lightly_active,maintenance,nonveg
U0892,28,female,184,74,lightly_active,weight_gain,vegan
U0893,23,male,173,56,very_active,maintenance,vegan
U0894,22,female,166,92,moderately_active,weight_loss,vegan
U0895,51,female,156,99,moderately_active,weight_gain,vegan
U0896,44,male,169,58,very_active,maintenance,vegan
U0897,27,male,190,79,lightly_active,maintenance,nonveg
U0898,21,female,163,94,very_active,weight_loss,vegan
U0899,31,male,166,97,lightly_active,weight_loss,veg
U0900,18,female,159,88,moderately_active,weight_gain,vegan
U0901,48,female,184,50,sedentary,weight_loss,nonveg
U0902,41,female,186,98,very_active,weight_gain,nonveg
U0903,53,female,175,74,sedentary,weight_gain,vegan
U0904,47,male,150,65,lightly_active,maintenance,vegan
U0905,22,male,189,55,sedentary,weight_loss,vegan
U0906,29,female,153,68,very_active,weight_gain,vegan
U0907,20,male,176,89,sedentary,weight_gain,vegan
U0908,59,male,154,88,moderately_active,maintenance,veg
U0909,29,female,164,80,very_active,weight_gain,vegan
U0910,58,female,160,93,sedentary,maintenance,nonveg
U0911,51,female,180,54,moderately_active,weight_loss,veg
U0912,21,male,173,61,moderately_active,weight_loss,veg
U0913,49,female,188,97,very_active,weight_gain,nonveg
U0914,24,male,160,60,moderately_active,maintenance,nonveg
U0915,19,male,160,85,very_active,weight_loss,nonveg
U0916,25,female,153,77,very_active,weight_loss,nonveg
U0917,42,male,189,56,very_active,maintenance,veg
U0918,27,male,164,100,lightly_active,weight_loss,vegan
U0919,27,female,163,68,lightly_active,maintenance,vegan
U0920,31,male,188,84,lightly_active,weight_loss,vegan
U0921,28,female,188,54,sedentary,maintenance,nonveg
U0922,58,female,166,72,lightly_active,weight_gain,nonveg
U0923,37,female,190,78,lightly_active,weight_gain,nonveg
U0924,58,female,158,75,moderately_active,maintenance,veg
U0925,26,female,185,51,sedentary,weight_loss,vegan
U0926,51,female,175,96,very_active,maintenance,veg
U0927,25,male,158,54,lightly_active,weight_gain,nonveg
U0928,42,female,167,67,very_active,weight_gain,nonveg
U0929,54,male,162,85,moderately_active,maintenance,veg
U0930,19,male,169,58,very_active,weight_loss,veg
U0931,56,female,156,77,lightly_active,weight_gain,vegan
U0932,57,female,188,73,very_active,weight_gain,nonveg
U0933,40,male,170,83,very_active,maintenance,vegan
U0934,18,male,165,81,sedentary,weight_loss,veg
U0935,22,male,174,58,very_active,weight_loss,veg
U0936,56,female,163,93,moderately_active,weight_gain,vegan
U0937,58,female,177,63,lightly_active,weight_gain,veg
U0938,53,male,156,55,sedentary,weight_loss,vegan
U0939,59,female,180,69,lightly_active,weight_loss,nonveg
U0940,48,male,189,100,lightly_active,maintenance,vegan
U0941,55,female,160,90,lightly_active,weight_gain,vegan
U0942,36,female,184,60,sedentary,maintenance,vegan
U0943,60,female,158,73,very_active,maintenance,veg
U0944,30,male,183,50,sedentary,weight_gain,vegan
U0945,36,male,176,79,moderately_active,maintenance,veg
U0946,47,male,188,98,very_active,weight_gain,veg
U0947,22,female,151,51,sedentary,weight_gain,vegan
U0948,28,male,170,71,very_active,weight_gain,vegan
U0949,24,female,160,61,sedentary,weight_gain,nonveg
U0950,47,female,174,64,lightly_active,weight_loss,nonveg
U0951,38,male,156,86,lightly_active,maintenance,veg
U0952,40,female,189,89,moderately_active,weight_gain,veg
U0953,23,female,182,79,moderately_active,weight_gain,veg
U0954,26,female,183,89,moderately_active,weight_loss,veg
U0955,19,female,176,94,sedentary,maintenance,veg
U0956,36,female,177,69,sedentary,weight_loss,vegan
U0957,53,male,186,97,very_active,weight_loss,veg
U0958,26,male,188,72,lightly_active,maintenance,nonveg
U0959,47,male,163,53,very_active,weight_loss,vegan
U0960,50,female,161,68,sedentary,weight_gain,veg
U0961,23,male,160,57,sedentary,weight_loss,vegan
U0962,44,female,185,65,very_active,weight_loss,vegan
U0963,43,female,170,59,lightly_active,maintenance,nonveg
U0964,49,male,183,88,lightly_active,weight_loss,nonveg
U0965,52,female,164,95,sedentary,weight_loss,veg
U0966,25,male,188,87,sedentary,weight_gain,veg
U0967,45,male,181,59,sedentary,maintenance,nonveg
U0968,28,male,172,78,moderately_active,weight_loss,nonveg
U0969,38,female,189,55,lightly_active,weight_gain,nonveg
U0970,36,female,150,67,moderately_active,maintenance,nonveg
U0971,47,male,187,56,moderately_active,weight_loss,veg
U0972,57,male,169,98,moderately_active,weight_loss,veg
U0973,32,female,173,58,sedentary,maintenance,veg
U0974,25,female,157,80,moderately_active,weight_gain,veg
U0975,20,male,184,74,very_active,weight_gain,vegan
U0976,35,female,161,84,very_active,maintenance,vegan
U0977,60,male,170,96,sedentary,weight_loss,vegan
U0978,51,female,171,55,very_active,weight_loss,veg
U0979,53,female,168,74,moderately_active,weight_gain,nonveg
U0980,52,female,160,87,lightly_active,weight_gain,veg
U0981,21,male,167,77,sedentary,weight_gain,nonveg
U0982,26,female,151,58,sedentary,weight_gain,nonveg
U0983,51,male,176,87,moderately_active,weight_loss,vegan
U0984,32,male,164,72,very_active,weight_gain,nonveg
U0985,60,female,183,67,moderately_active,weight_gain,veg
U0986,20,female,179,77,sedentary,maintenance,nonveg
U0987,20,female,165,97,moderately_active,weight_loss,veg
U0988,28,male,158,61,very_active,weight_gain,veg
U0989,22,female,162,73,moderately_active,weight_gain,nonveg
U0990,58,female,184,97,lightly_active,weight_loss,nonveg
U0991,26,male,163,64,moderately_active,maintenance,veg
U0992,42,male,179,52,very_active,weight_gain,nonveg
U0993,34,male,187,75,lightly_active,weight_gain,vegan
U0994,22,female,169,73,lightly_active,weight_gain,vegan
U0995,51,female,153,61,very_active,maintenance,veg
U0996,29,male,190,65,moderately_active,maintenance,veg
U0997,45,male,168,78,lightly_active,weight_gain,veg
U0998,19,female,152,78,lightly_active,weight_gain,nonveg
U0999,21,female,185,73,very_active,weight_loss,nonveg
U1000,55,female,184,88,very_active,weight_gain,veg
